,house_price_rotterdam,rental_agency_rotterdam,postcode_rotterdam,bedrooms_rotterdam,surface_rotterdam
0,2400.0,ViaDaan,3039CP,5,91
1,935.0,Rental Rotterdam,3061GT,2,50
2,600.0,Rental Rotterdam,3062GL,1,20
3,1500.0,Rental Rotterdam,3021ZA,3,76
4,1950.0,Tweelwonen.nl Rotterdam,3011TA,4,136
5,1250.0,Makelaardij Lankhuijzen b.v.,3061CZ,3,65
6,780.0,Rent an Apartment,3061AD,2,44
7,731.0,Rent an Apartment,3014HA,2,44
8,1295.0,Riva Rentals,3031AT,2,62
9,990.0,Interhouse verhuurmakelaars Rotterdam,3016AA,2,90
10,1395.0,Interhouse verhuurmakelaars Rotterdam,3039HE,3,77
11,1099.0,Woonstad Rotterdam,3063AT,3,68
12,1435.0,Woonstad Rotterdam,3012JX,3,92
13,430.0,Rotterdam Apartments,3082LC,1,14
14,650.0,Rotterdam Apartments,3065ED,1,19
15,1475.0,Rotterdam Apartments,3074HC,4,91
16,1495.0,Rotterdam Apartments,3011EW,3,96
17,525.0,Rotterdam Apartments,3021XW,1,17
18,1450.0,Rotterdam Apartments,3039LB,3,87
19,1895.0,Rotterdam Apartments,3022ZH,3,150
20,1050.0,Rotterdam Apartments,3024RR,2,65
21,1125.0,RE/MAX Totaal Makelaars,3085EG,3,85
22,2400.0,Stad en Land Makelaars,3011XW,3,104
23,1250.0,Kolpa Makelaars B.V.,3062VJ,3,101
24,1150.0,BenHousing,3038VK,2,55
25,900.0,123Wonen Rotterdam,3024BL,3,110
26,660.0,De Bloois Vastgoed,3081JZ,1,24
27,1035.0,Niya Vastgoed Beheer BV,3074HV,3,92
28,950.0,Vliegenthart Makelaardij,3023RW,2,50
29,1595.0,Vliegenthart Makelaardij,3051SE,3,85
30,740.0,Nationaal Grondbezit,3076CE,3,70
31,1700.0,Dop & Dop Consultancy,3089TE,3,109
32,1585.0,EHR Rotterdam ,3022BM,3,80
33,585.0,Max Suites,3063EL,1,15
34,585.0,Max Suites,3063EL,1,13
35,1750.0,Rental Rotterdam,3063BJ,4,85
36,1300.0,Rental Rotterdam,3012JE,2,63
37,1275.0,Rental Rotterdam,3014GJ,2,43
38,845.0,Max Property Rentals,3083TZ,3,52
39,1195.0,Max Property Rentals,3035RE,4,112
40,930.0,Rent an Apartment,3061MC,3,50
41,930.0,Rent an Apartment,3061MC,3,51
42,950.0,Riva Rentals,3083DJ,2,58
43,1495.0,Riva Rentals,3013CC,3,92
44,1450.0,Riva Rentals,3059LA,4,95
45,985.0,Riva Rentals,3038BM,2,60
46,840.0,Interhouse verhuurmakelaars Rotterdam,3081SW,2,45
47,1350.0,Interhouse verhuurmakelaars Rotterdam,3077ML,3,75
48,4600.0,Interhouse verhuurmakelaars Rotterdam,3072AP,3,150
49,1590.0,Woonstad Rotterdam,3034PL,2,167
50,2750.0,Rotterdam Apartments,3065RD,6,182
51,2000.0,Rotterdam Apartments,3011HC,3,75
52,1040.0,NederWoon verhuurmakelaars Nijmegen,3016BE,2,57
53,1040.0,NederWoon verhuurmakelaars Nijmegen,3016BE,2,55
54,1020.0,Urban Short Stay,3029AD,2,60
55,1095.0,Urban Short Stay,3029AD,2,65
56,985.0,Homecrew,3031SE,2,50
57,870.0,In de Stad,3085GR,4,55
58,830.0,In de Stad,3085GR,4,55
59,795.0,In de Stad,3085GR,3,47
60,925.0,Huurwoning in Rotterdam,3074HT,2,50
61,675.0,De Bloois Vastgoed,3081JZ,1,24
62,1500.0,VERRA Real Estate Rotterdam,3011XZ,3,80
63,1500.0,IRIS Housing Rotterdam,3011VW,3,80
64,2350.0,Portsville,3012CC,3,123
65,1550.0,VERRA Real Estate Rotterdam,3012GD,4,90
66,1100.0,Rotterdam Rent,3033BE,2,55
67,1450.0,IRIS Housing Rotterdam,3011EM,3,75
68,1230.0,Rotsvast Rotterdam,3063HA,2,52
69,750.0,Max Property Rentals,3027BN,2,40
70,1295.0,Stad en Land Makelaars,3011VW,3,85
71,1795.0,DW Housing,3024EZ,3,111
72,525.0,iRooms and Houses,3082VK,1,10
73,685.0,At Home Vastgoed Beheer BV,3028TH,2,45
74,735.0,At Home Vastgoed Beheer BV,3074BT,2,70
75,720.0,At Home Vastgoed Beheer BV,3083KG,2,47
76,1450.0,Linda Housing,3011XG,2,76
77,1750.0,Linda Housing,3012CC,2,66
78,1195.0,Max Property Rentals,3028XA,4,68
79,975.0,Max Property Rentals,3027HG,2,70
80,1095.0,Perfectrent,3023SJ,3,53
81,950.0,Rotterdam Apartments,3081BV,2,36
82,3250.0,123Wonen Rotterdam,3033EL,6,100
83,1350.0,Ideaal Housing & Makelaars,3043KN,3,75
84,1250.0,Ideaal Housing & Makelaars,3043KN,3,75
85,1850.0,Nationaal Grondbezit,3039CN,5,148
86,750.0,BenHousing,3083CX,2,63
87,895.0,BenHousing,3079XA,3,70
88,1550.0,Maashave Vastgoedbeheer B.V.,3011LK,2,55
89,925.0,Jeco Rental Services,3083DW,2,56
90,1650.0,Kamen Home Rentals BV,3011RS,3,85
91,1050.0,Huurwoning in Rotterdam,3024BP,3,83
92,1195.0,Maashave Vastgoedbeheer B.V.,3051RA,3,76
93,925.0,Maashave Vastgoedbeheer B.V.,3038XN,2,50
94,1375.0,Rental Rotterdam,3011RB,3,80
95,1050.0,Rental Rotterdam,3011RB,2,55
96,2950.0,Rental Rotterdam,3054HH,3,109
97,1800.0,Rental Rotterdam,3012GH,3,57
98,1450.0,Rental Rotterdam,3012GH,2,48
99,2500.0,Rental Rotterdam,3012GH,3,70
100,1225.0,Tweelwonen.nl Rotterdam,3073DS,3,76
101,1495.0,Rent an Apartment,3072MJ,2,80
102,1595.0,Rent an Apartment,3012JT,3,75
103,1550.0,Rent an Apartment,3061EP,4,85
104,995.0,Rent an Apartment,3011PG,2,56
105,1150.0,Perfectrent,3023AT,3,61
106,1650.0,Perfectrent,3021LC,3,90
107,2750.0,Riva Rentals,3061DK,6,200
108,1500.0,Riva Rentals,3011XW,3,75
109,1600.0,Riva Rentals,3039BA,3,73
110,1400.0,Ooms Makelaars Woningen,3077MK,3,91
111,1235.0,Woonstad Rotterdam,3034XD,3,85
112,1395.0,Rotterdam Apartments,3071AA,3,100
113,675.0,Rotterdam Apartments,3023PV,1,15
114,1950.0,VERRA Real Estate Rotterdam,3016AG,3,75
115,1500.0,J.T.M.D. vastgoed beheer B.V.,3071PP,3,91
116,1295.0,Maashave Vastgoedbeheer B.V.,3083HD,4,110
117,1645.0,Dop & Dop Consultancy,3012CD,3,90
118,895.0,BenHousing,3079WC,3,63
119,615.0,BenHousing,3037PR,1,25
120,725.0,Vlogmakelaars,3074WC,2,55
121,1450.0,Danka Consultancy,3081NM,4,140
122,1100.0,ViaDaan,3081BK,2,65
123,2750.0,VERRA Real Estate Rotterdam,3012LA,4,180
124,995.0,Rotsvast Rotterdam,3063AT,2,60
125,2395.0,vdm vastgoed groep,3026GV,4,154
126,1495.0,Tweelwonen.nl Rotterdam,3082PG,4,93
127,1495.0,Tweelwonen.nl Rotterdam,3011LD,3,81
128,1700.0,Wooove B.V.,3012AH,3,120
129,1550.0,Wooove B.V.,3012AH,3,111
130,1305.0,Wooove B.V.,3012AH,3,85
131,1995.0,Rent an Apartment,3035KA,4,110
132,1450.0,Riva Rentals,3011XW,2,78
133,1850.0,Interhouse verhuurmakelaars Rotterdam,3011GC,4,75
134,1399.0,Woonstad Rotterdam,3061ZB,3,94
135,925.0,Rotterdam Apartments,3028TN,3,85
136,1245.0,Rotterdam Apartments,3034CH,2,87
137,895.0,Rotterdam Apartments,3023KV,2,35
138,895.0,Rotterdam Apartments,3023KV,2,35
139,895.0,Rotterdam Apartments,3023KV,2,35
140,1095.0,Rotterdam Apartments,3023KV,3,85
141,685.0,123Wonen Rotterdam,3061AL,1,30
142,550.0,123Wonen Rotterdam,3083XD,2,50
143,1300.0,Gravenstaete Onroerend Goed B.V.,3039JN,4,133
144,1395.0,Portsville,3012LG,2,70
145,1250.0,Vastestate,3083NK,4,53
146,695.0,Vlogmakelaars,3062TW,1,16
147,1500.0,Vlogmakelaars,3021DS,3,80
148,695.0,Vlogmakelaars,3062TW,1,16
149,425.0,Vlogmakelaars,3035AC,1,34
150,1100.0,Gravenstaete Onroerend Goed B.V.,3031AB,3,62
151,1795.0,Homey.rent,3074KE,5,87
152,1350.0,EHR Rotterdam ,3051PS,3,70
153,795.0,BenHousing,3025XS,2,40
154,1095.0,Portsville,3052XR,3,70
155,1650.0,Huurwoning in Rotterdam,3071KM,2,107
156,1495.0,TVN Real Estate,3033AG,4,105
157,975.0,Huurwoning in Rotterdam,3023KP,2,65
158,1100.0,Huurwoning in Rotterdam,3031PV,3,60
159,1100.0,Huurwoning in Rotterdam,3037PD,2,78
160,1250.0,Tweelwonen.nl Rotterdam,3023DG,3,70
161,975.0,Rent an Apartment,3061AH,2,60
162,505.0,Rent an Apartment,3021EE,1,15
163,1550.0,Vandevijver Makelaardij,3021AC,3,104
164,1430.0,TW3 Strategie Marketing Makelaardij B.V.,3072AP,3,94
165,1295.0,123Wonen Rotterdam,3011JA,2,60
166,800.0,123Wonen Rotterdam,3038NR,1,30
167,1395.0,Homecrew,3024EP,3,110
168,1750.0,VERRA Real Estate Rotterdam,3015XC,3,120
169,1825.0,VERRA Real Estate Rotterdam,3012GD,3,85
170,1495.0,Dop & Dop Consultancy,3032EM,3,63
171,1100.0,BenHousing,3077ZD,3,79
172,1500.0,BenHousing,3037RD,4,110
173,1800.0,BenHousing,3062PJ,3,98
174,1077.0,Urban Short Stay,3029AD,1,37
175,1375.0,ViaDaan,3071KN,2,50
176,1575.0,ViaDaan,3071KN,2,65
177,1050.0,Nationaal Grondbezit,3011NE,3,99
178,1900.0,Rotsvast Rotterdam,3027BE,2,120
179,1850.0,VERRA Real Estate Rotterdam,3011HV,3,91
180,1275.0,DuNa vastgoed beheer,3083MA,4,116
181,1300.0,Loftly,3021BR,2,60
182,575.0,Max Suites,3063EL,1,11
183,1500.0,HB&F Rental Services,3011PT,3,85
184,1250.0,Max Property Rentals,3077MK,3,83
185,1395.0,Tweelwonen.nl Rotterdam,3013AL,3,90
186,1375.0,Rent a Stone,3038BD,3,72
187,1495.0,Riva Rentals,3081LB,4,105
188,1095.0,Riva Rentals,3083PN,3,53
189,1050.0,Interhouse verhuurmakelaars Rotterdam,3036PH,2,45
190,1250.0,Hospitality Apartments,3011EM,3,63
191,1300.0,Just Stay,3038VJ,2,50
192,1750.0,Just Stay,3033AK,3,90
193,1500.0,VERRA Real Estate Rotterdam,3011RH,3,82
194,1750.0,VERRA Real Estate Rotterdam,3012VB,3,97
195,1795.0,Maashave Vastgoedbeheer B.V.,3061AH,3,85
196,1300.0,Just Stay,3025XR,2,60
197,1795.0,VERRA Real Estate Rotterdam,3011AB,3,91
198,1175.0,TVN Real Estate,3039AM,2,51
199,1395.0,Wonen Hartje Rotterdam,3063DC,3,67
200,754.0,Rent2You,3073HD,4,70
201,1300.0,Expat Housing Rotterdam ,3054EC,2,60
202,1098.0,Rental Rotterdam,3016AD,2,75
203,1050.0,Rental Rotterdam,3061VT,2,70
204,1105.0,Rental Rotterdam,3061VT,3,78
205,900.0,Rental Rotterdam,3055RC,2,40
206,1495.0,Rent an Apartment,3037ED,4,140
207,1550.0,Rent an Apartment,3033HH,4,102
208,4495.0,Riva Rentals,3054KZ,5,213
209,895.0,At Home Vastgoed Beheer BV,3031SM,2,55
210,760.0,Max Property Rentals,3083VH,2,59
211,885.0,Max Property Rentals,3032HB,2,50
212,1250.0,Riva Rentals,3023BE,2,55
213,1600.0,Interhouse verhuurmakelaars Rotterdam,3012GD,3,80
214,1350.0,VERRA Real Estate Rotterdam,3031SB,3,50
215,1590.0,Expat Housing Rotterdam ,3038XJ,4,70
216,650.0,BenHousing,3061AB,1,25
217,1200.0,HouseHunting Rotterdam,3051XB,2,70
218,2250.0,NumberXII Exclusive Real Estate,3011GX,3,113
219,1450.0,VERRA Real Estate Rotterdam,3071AA,3,97
220,1350.0,Wonen Hartje Rotterdam,3083DB,3,60
221,1300.0,Wonen Hartje Rotterdam,3025NH,3,45
222,2250.0,Rental Rotterdam,3055KK,5,107
223,1695.0,Rent a Stone,3027HH,4,111
224,995.0,Riva Rentals,3083WS,3,55
225,1895.0,Riva Rentals,3012CC,3,101
226,2000.0,Riva Rentals,3011BT,3,118
227,1595.0,Riva Rentals,3011XM,3,60
228,1495.0,Rotterdam Apartments,3071LH,2,50
229,825.0,123Wonen Rotterdam,3073HH,3,75
230,2000.0,BenHousing,3022NR,4,100
231,1125.0,HouseHunting Rotterdam,3035RJ,3,55
232,735.0,HomeRent,3073GG,2,61
233,925.0,Nationaal Grondbezit,3055HP,3,85
234,2930.0,In de Stad,3011XM,3,120
235,650.0,Dupont ERA Makelaars,3034PW,7,150
236,1300.0,Ooms Makelaars Woningen,3011GW,3,105
237,945.0,Ooms Makelaars Woningen,3065SC,2,58
238,748.0,Nationaal Grondbezit,3079KL,4,72
239,1275.0,In de Stad,3083PX,4,62
240,1050.0,Rental Rotterdam,3011RB,2,50
241,1097.0,Rental Rotterdam,3038LE,3,65
242,1345.0,Rent an Apartment,3014HA,3,78
243,1400.0,Rent an Apartment,3014HA,3,70
244,1545.0,Rent an Apartment,3034EA,4,68
245,975.0,Rent an Apartment,3024TT,2,50
246,2490.0,Ooms Makelaars Woningen,3071KD,4,194
247,1400.0,Kolpa Makelaars B.V.,3071AD,3,95
248,595.0,Rotterdam Apartments,3021XW,1,35
249,475.0,Rotterdam Apartments,3074KE,1,20
250,475.0,Rotterdam Apartments,3074KE,1,20
251,475.0,Rotterdam Apartments,3074KE,1,20
252,475.0,Rotterdam Apartments,3074KE,1,20
253,1849.0,Victoria Lofts B.V.,3015BE,3,105
254,1075.0,Fransen Vastgoed,3064AH,2,40
255,1250.0,Rental Rotterdam,3062GP,2,60
256,1495.0,Riva Rentals,3039PK,3,95
257,1495.0,Riva Rentals,3039NG,4,80
258,1050.0,Riva Rentals,3086TG,4,65
259,1800.0,Stad en Land Makelaars,3063HB,4,88
260,1750.0,De Bloois Vastgoed,3074BJ,6,113
261,1495.0,VERRA Real Estate Rotterdam,3031RH,3,64
262,1140.0,Ronifica Real Estate,3012HW,3,70
263,1250.0,REC Vastgoed,3028ET,3,79
264,650.0,University Housing,3083EL,1,12
265,1000.0,University Housing,3037BL,1,25
266,650.0,University Housing,3083MX,1,12
267,950.0,University Housing,3075LR,1,30
268,1750.0,VERRA Real Estate Rotterdam,3034RR,3,95
269,1500.0,Rotterdam Rent,3012CC,2,80
270,1550.0,Rotterdam Rent,3012CC,2,60
271,1150.0,Perfectrent,3023AR,2,53
272,1995.0,HS Makelaars,3011HE,3,86
273,995.0,Riva Rentals,3073DZ,2,55
274,1495.0,Riva Rentals,3012BE,3,80
275,1350.0,Riva Rentals,3033XM,2,70
276,1375.0,Riva Rentals,3039TP,2,85
277,2250.0,Riva Rentals,3022TB,4,146
278,1600.0,Riva Rentals,3061XP,3,104
279,1195.0,Rotterdam Apartments,3025HB,2,87
280,1899.0,Rotterdam Apartments,3015BE,3,90
281,1850.0,Rotterdam Apartments,3011VH,2,65
282,950.0,De Bloois Vastgoed,3083DH,4,65
283,1995.0,Fransen Vastgoed,3021HH,4,135
284,1599.0,Maasstad Woningverhuur,3032AX,3,85
285,1750.0,Maasstad Woningverhuur,3067AC,3,94
286,1350.0,VERRA Real Estate Rotterdam,3011KP,3,84
287,1250.0,Ideaal Housing & Makelaars,3038EA,3,65
288,1275.0,Fransen Vastgoed,3016BE,2,56
289,700.0,University Housing,3067HP,1,13
290,550.0,University Housing,3076BD,1,10
291,750.0,University Housing,3076BD,1,30
292,650.0,University Housing,3076BD,1,15
293,1350.0,University Housing,3035BT,2,45
294,1450.0,Riva Rentals,3042CZ,4,88
295,1500.0,Stad en Land Makelaars,3012BH,3,85
296,950.0,Rent an Apartment,3021GP,2,65
297,1100.0,Huisportaal.nl,3075CK,3,63
298,1295.0,Riva Rentals,3039KK,2,68
299,1495.0,Interhouse verhuurmakelaars Rotterdam,3021DM,4,66
300,1375.0,Ooms Makelaars Woningen,3055JG,3,82
301,2800.0,Rotterdam Apartments,3072MM,3,82
302,1400.0,Rotterdam Apartments,3079ET,4,92
303,1500.0,Stad en Land Makelaars,3062HB,3,100
304,795.0,123Wonen Rotterdam,3083NL,3,55
305,650.0,University Housing,3083KP,1,15
306,1600.0,Ideaal Housing & Makelaars,3038BN,3,100
307,440.0,Max Suites,3083VC,1,13
308,450.0,Max Suites,3083VC,2,16
309,1350.0,VERRA Real Estate Rotterdam,3014GD,2,85
310,1250.0,BenHousing,3077MJ,3,90
311,1095.0,BenHousing,3034SM,2,65
312,1295.0,Jeco Rental Services,3075DE,3,67
313,1650.0,iRooms and Houses,3071AB,3,96
314,1550.0,Vastgoed Unie Makelaardij ,3012GD,3,74
315,3250.0,Riva Rentals,3014GP,3,138
316,1295.0,Riva Rentals,3039HA,2,67
317,1195.0,Stapper Vastgoed BV,3069BD,4,85
318,1600.0,StartHousing,3039HC,2,66
319,1595.0,Rotterdam Apartments,3024EP,3,102
320,1800.0,Rotterdam Apartments,3061CZ,5,80
321,1395.0,Rotterdam Apartments,3072AP,2,60
322,1400.0,Stad en Land Makelaars,3031PW,2,70
323,775.0,123Wonen Rotterdam,3033BD,1,20
324,2000.0,Loftly,3024EG,2,130
325,440.0,Max Suites,3083VG,2,12
326,420.0,Max Suites,3083VG,1,10
327,845.0,Max Property Rentals,3083DJ,3,46
328,1500.0,Riva Rentals,3031AW,2,95
329,1095.0,Riva Rentals,3081GS,2,90
330,1095.0,Riva Rentals,3073BZ,2,66
331,1950.0,Interhouse verhuurmakelaars Rotterdam,3011PA,3,94
332,999.0,Woonstad Rotterdam,3061LE,4,89
333,1379.0,Woonstad Rotterdam,3012GT,2,105
334,1650.0,RE/MAX Totaal Makelaars,3039HE,3,78
335,1850.0,RE/MAX Totaal Makelaars,3023HE,3,90
336,1750.0,RE/MAX Totaal Makelaars,3039SE,3,92
337,1100.0,123Wonen Rotterdam,3038PK,3,80
338,1350.0,HouseHunting Rotterdam,3064AV,4,85
339,850.0,At Home Vastgoed Beheer BV,3077BN,1,30
340,1145.0,At Home Vastgoed Beheer BV,3039DL,2,62
341,795.0,Rent2You,3036ND,2,40
342,1250.0,Riva Rentals,3012GR,2,45
343,440.0,Max Suites,3083VG,1,13
344,875.0,Riva Rentals,3081JJ,2,55
345,1350.0,Riva Rentals,3052TH,4,63
346,1300.0,My Home Vastgoed & Interieur,3075AL,4,114
347,420.0,My Home Vastgoed & Interieur,3081HB,1,16
348,600.0,Vlogmakelaars,3061WG,1,29
349,995.0,BenHousing,3054GA,2,55
350,1400.0,Heimstaden,3082JN,5,87
351,1500.0,Heimstaden,3082JN,3,105
352,920.0,Rental Rotterdam,3021AA,2,45
353,1425.0,Rent an Apartment,3038CD,4,91
354,615.0,Rent an Apartment,3073DS,2,20
355,1250.0,Perfectrent,3012LB,2,55
356,1300.0,Perfectrent,3061TK,3,54
357,1050.0,Riva Rentals,3077WH,3,64
358,1395.0,Rotterdam Apartments,3039DG,2,74
359,1575.0,Rotterdam Apartments,3024AK,4,80
360,1299.0,Rotterdam Apartments,3051ND,3,75
361,1125.0,NederWoon verhuurmakelaars Nijmegen,3016BE,2,57
362,1050.0,Nationaal Grondbezit,3083ZL,3,60
363,750.0,Max Suites,3073HG,1,29
364,750.0,Max Suites,3073HG,1,31
365,675.0,Max Suites,3073HG,1,31
366,1250.0,At Home Vastgoed Beheer BV,3072ZD,3,72
367,1545.0,Ooms Makelaars Woningen,3016BE,3,88
368,1400.0,Ooms Makelaars Woningen,3071AC,3,95
369,1595.0,Fransen Vastgoed,3063CC,3,90
370,1495.0,Linda Housing,3011GS,2,65
371,1450.0,Max Property Rentals,3071KS,3,93
372,945.0,Max Property Rentals,3083MH,4,123
373,795.0,Max Property Rentals,3083CA,2,60
374,995.0,Dutch Brickx Real Estate Den Haag e.o.,3028EH,2,51
375,1295.0,Voorberg Makelaars,3036DJ,4,80
376,895.0,Riva Rentals,3083DV,3,54
377,575.0,Verhuurmakelaar Hsiang,3061WG,1,17
378,1339.0,Woonstad Rotterdam,3061GM,3,79
379,1095.0,Rotterdam Apartments,3061TA,2,55
380,995.0,EasyMakelaars,3042BC,2,35
381,1495.0,Kolpa Makelaars B.V.,3011ZX,3,91
382,1595.0,Kolpa Makelaars B.V.,3039HH,4,110
383,1180.0,Jeeko BV,3012LD,2,50
384,1650.0,VERRA Real Estate Rotterdam,3011HV,3,93
385,1600.0,Loftly,3012GX,2,50
386,1316.0,Niya Vastgoed Beheer BV,3068JG,2,99
387,1295.0,BenHousing,3062TG,3,62
388,1350.0,ViaDaan,3022GA,2,50
389,1350.0,ViaDaan,3022GA,2,50
390,1650.0,Immobilia Real Estate,3061AJ,4,82
391,770.0,Rotterdam Apartments,3061AS,1,16
392,775.0,Rotterdam Apartments,3039DJ,1,20
393,1495.0,Kolpa Makelaars B.V.,3031AT,3,65
394,1750.0,Kolpa Makelaars B.V.,3056PJ,4,85
395,1495.0,VERRA Real Estate Rotterdam,3012VE,3,83
396,650.0,Max Suites,3081BH,1,13
397,1395.0,Housing Solutions,3083TG,4,80
398,485.0,Vlogmakelaars,3036XS,2,35
399,1430.0,BenHousing,3022AD,3,62
400,1600.0,VERRA Real Estate Rotterdam,3059RH,5,123
401,1300.0,Rotsvast Rotterdam,3063ED,3,80
402,1295.0,Perfectrent,3036PR,3,58
403,1495.0,Interhouse verhuurmakelaars Rotterdam,3016BM,2,95
404,1150.0,Rotterdam Apartments,3063AB,2,74
405,1895.0,Rotterdam Apartments,3074KE,5,87
406,1375.0,Rotterdam Apartments,3022AD,3,62
407,735.0,Rotterdam Apartments,3062TS,1,13
408,2500.0,Kolpa Makelaars B.V.,3039AD,6,265
409,675.0,Max Suites,3081BH,1,29
410,1050.0,Ideaal Housing & Makelaars,3074WJ,2,60
411,1300.0,Rental Rotterdam,3016AG,4,74
412,1050.0,Rental Rotterdam,3011RB,2,50
413,900.0,Rental Rotterdam,3061GD,2,40
414,1100.0,Rental Rotterdam,3038TG,2,50
415,1350.0,Max Property Rentals,3081GR,5,90
416,895.0,Perfectrent,3081EG,2,70
417,1495.0,Riva Rentals,3032EM,3,90
418,1840.0,Interhouse verhuurmakelaars Rotterdam,3023BA,4,108
419,745.0,Vlogmakelaars,3081GP,1,30
420,1495.0,Rotterdam Apartments,3063NK,3,80
421,1495.0,Riva Rentals,3063ED,3,80
422,475.0,Rotterdam Apartments,3074KE,1,20
423,475.0,Rotterdam Apartments,3074KE,1,20
424,475.0,Rotterdam Apartments,3074KE,1,20
425,860.0,Rotterdam Apartments,3077BN,1,20
426,1300.0,Velthaak en Keijzer Makelaars,3039RG,2,78
427,695.0,123Wonen Rotterdam,3062GM,1,28
428,1800.0,Casa Rental Services,3062PR,4,78
429,1600.0,Casa Rental Services,3024EW,3,100
430,1095.0,Vlogmakelaars,3073DW,4,100
431,1500.0,IRIS Housing Rotterdam,3011HV,3,93
432,750.0,Vlogmakelaars,3062TW,1,24
433,1253.0,Niya Vastgoed Beheer BV,3067LP,4,90
434,1750.0,Loftly,3072NK,3,103
435,975.0,Max Property Rentals,3032HC,2,52
436,925.0,Max Property Rentals,3085EK,3,60
437,1260.0,Max Property Rentals,3074XG,4,91
438,1495.0,Rotterdam Apartments,3012BL,3,84
439,1495.0,Stad en Land Makelaars,3071AD,3,95
440,1299.0,Victoria Lofts B.V.,3015BE,2,50
441,2050.0,EHR Rotterdam ,3039JE,4,82
442,1750.0,EHR Rotterdam ,3039VD,3,65
443,1250.0,ViaDaan,3038VH,2,55
444,1475.0,Ronifica Real Estate,3077SG,5,130
445,750.0,Juistwonen,3081ZJ,2,49
446,4000.0,BenHousing,3055LG,7,230
447,1400.0,NEXT Beheer,3082JA,4,91
448,825.0,Perfectrent,3061EW,2,40
449,845.0,Perfectrent,3061AJ,2,30
450,1650.0,Perfectrent,3039AB,4,100
451,1250.0,Riva Rentals,3011EH,3,65
452,1450.0,Interhouse verhuurmakelaars Rotterdam,3031AX,3,82
453,1495.0,Kolpa Makelaars B.V.,3011HE,2,75
454,950.0,123Wonen Rotterdam,3077BN,1,20
455,950.0,123Wonen Rotterdam,3077BN,1,26
456,1250.0,Kamen Home Rentals BV,3067NK,3,90
457,900.0,VHPN,3022ME,2,72
458,1490.0,Expat Housing Rotterdam ,3063BA,3,85
459,1995.0,Overbruggingsverhuur.nl,3051SM,4,140
460,1000.0,iRooms and Houses,3063AL,1,25
461,1950.0,Residential Real Estate,3011BT,3,115
462,1700.0,Maasstad Woningverhuur,3071HK,3,122
463,1750.0,Riva Rentals,3072NX,4,100
464,1250.0,Rotterdam Apartments,3031PX,3,68
465,730.0,HomeRent,3081VJ,2,45
466,1950.0,EHR Rotterdam ,3039DP,3,69
467,1495.0,Riva Rentals,3067RR,4,101
468,1350.0,Riva Rentals,3033EL,2,85
469,750.0,Rotterdam Rent,3037CA,1,35
470,1250.0,Kolpa Makelaars B.V.,3011EK,3,67
471,1000.0,HouseHunting Den Bosch,3073ZT,2,60
472,4000.0,IRIS Housing Rotterdam,3045BD,6,200
473,1500.0,VERRA Real Estate Rotterdam,3012GH,2,85
474,925.0,RandstadHousing,3025AR,2,60
475,1150.0,University Housing,3063AM,1,27
476,1795.0,Riva Rentals,3012CC,3,67
477,1400.0,Hospitality Apartments,3032GB,3,65
478,1420.0,Rotterdam Apartments,3061KS,3,75
479,1500.0,Ideaal Housing & Makelaars,3074JB,4,90
480,1300.0,Verhuurmakelaar Hsiang,3022XC,3,84
481,1250.0,Ideaal Housing & Makelaars,3074HW,4,110
482,1499.0,Mijn Huis Makelaardij,3071KS,3,93
483,1250.0,ViaDaan,3032AS,3,83
484,1750.0,ViaDaan,3022DM,3,150
485,1250.0,Dop & Dop Consultancy,3031AX,3,70
486,1275.0,TVN Real Estate,3067NK,3,88
487,1750.0,Max Property Rentals,3071AE,3,100
488,1250.0,Perfectrent,3023ZL,2,55
489,1650.0,VERRA Real Estate Rotterdam,3016BE,3,84
490,1300.0,Immobilia Real Estate,3062LK,3,60
491,1395.0,Riva Rentals,3077MH,3,80
492,1750.0,Riva Rentals,3024EG,3,103
493,1595.0,Riva Rentals,3071PR,2,110
494,1295.0,Riva Rentals,3012XH,2,60
495,1650.0,Hospitality Apartments,3011XZ,3,75
496,1650.0,VERRA Real Estate Rotterdam,3039TN,3,67
497,1650.0,HouseHunting Rotterdam,3064LB,5,100
498,1250.0,De Bloois Vastgoed,3083EG,4,92
499,2100.0,DW Housing,3072EB,5,130
500,975.0,Ooms Makelaars Woningen,3062TT,2,45
501,3250.0,Kolpa Makelaars B.V.,3054KZ,7,130
502,1000.0,Riva Rentals,3083DB,2,48
503,1395.0,Riva Rentals,3016BE,3,95
504,1395.0,Riva Rentals,3063CC,3,76
505,1650.0,Interhouse verhuurmakelaars Rotterdam,3011HE,3,90
506,1250.0,Expat Housing Rotterdam ,3052TH,4,64
507,2050.0,Expat Housing Rotterdam ,3054RZ,3,115
508,1495.0,Rotterdam Apartments,3012VE,3,83
509,1550.0,BenHousing,3061BH,3,90
510,2800.0,Klop Real Estate,3062EK,5,160
511,1150.0,BenHousing,3011AX,4,70
512,1600.0,Vastgoed Unie Makelaardij ,3021XG,3,89
513,1495.0,Riva Rentals,3063AN,3,65
514,750.0,Max Suites,3081CM,1,27
515,1050.0,Dop & Dop Consultancy,3067ZT,2,50
516,1150.0,BenHousing,3083SE,4,90
517,1395.0,DW Housing,3021GJ,3,65
518,475.0,BenHousing,3033EL,1,10
519,1075.0,Rotsvast Rotterdam,3061DH,2,60
520,1250.0,Interhouse verhuurmakelaars Rotterdam,3011HE,2,61
521,1150.0,Rotterdam Apartments,3061TA,2,55
522,1400.0,Stad en Land Makelaars,3072AP,2,60
523,1495.0,Kolpa Makelaars B.V.,3037PD,4,97
524,1750.0,Kolpa Makelaars B.V.,3071KN,4,158
525,2495.0,Rotterdam Apartments,3011PA,4,113
526,2650.0,ViaDaan,3037BJ,5,160
527,1950.0,VERRA Real Estate Rotterdam,3012GH,3,85
528,1195.0,Fransen Vastgoed,3016BE,2,51
529,925.0,Max Property Rentals,3085HJ,3,70
530,695.0,The Rental Shop,3022RE,1,14
531,1195.0,Riva Rentals,3016BE,2,50
532,1575.0,Riva Rentals,3081CE,6,101
533,2250.0,Riva Rentals,3011BT,4,120
534,1725.0,Riva Rentals,3067NA,4,85
535,1350.0,Rotterdam Apartments,3083LX,3,82
536,1850.0,Rotterdam Apartments,3011DL,3,98
537,1795.0,Rotterdam Apartments,3013CC,3,79
538,1095.0,Rotterdam Apartments,3067MD,2,55
539,1800.0,Dop & Dop Consultancy,3054NC,4,120
540,2600.0,VERRA Real Estate Rotterdam,3011XW,4,106
541,1250.0,TVN Real Estate,3067ZD,3,74
542,1750.0,Max Property Rentals,3072LM,3,86
543,590.0,The Rental Shop,3083DK,1,30
544,600.0,The Rental Shop,3053GB,1,30
545,1250.0,EHR Rotterdam ,3076BV,4,71
546,1250.0,EHR Rotterdam ,3076BV,4,71
547,1750.0,Just Stay,3028XD,4,69
548,1495.0,Lutz Real Estate,3023CB,2,78
549,1550.0,Riva Rentals,3012AL,3,85
550,1050.0,Interhouse verhuurmakelaars Rotterdam,3085EA,3,66
551,1500.0,VERRA Real Estate Rotterdam,3031BB,3,80
552,1250.0,Dop & Dop Consultancy,3063AP,2,70
553,1795.0,Tweelwonen.nl Rotterdam,3082XA,5,95
554,1250.0,"Bakker en Steffen, NVM Makelaars & Taxateurs BV ",3032EM,3,65
555,1050.0,Riva Rentals,3081BM,2,62
556,1250.0,Riva Rentals,3086TL,4,82
557,1200.0,Riva Rentals,3028VB,4,65
558,1325.0,VERRA Real Estate Rotterdam,3032GA,3,68
559,999.0,Woonstad Rotterdam,3061CM,4,89
560,2450.0,EHR Rotterdam ,3039TN,4,104
561,2950.0,Hulstkamp Makelaars,3065NG,6,209
562,1750.0,BenHousing,3039DZ,3,77
563,975.0,BenHousing,3023RG,3,52
564,895.0,Max Property Rentals,3083CM,3,53
565,1395.0,Perfectrent,3013CE,3,92
566,1850.0,The Rental Shop,3011HV,3,95
567,275.0,Van Der Huizen,3076BD,2,12
568,1495.0,Riva Rentals,3012VE,3,83
569,1450.0,Stad en Land Makelaars,3067DL,4,80
570,610.0,123Wonen Rotterdam,3082NN,2,55
571,1650.0,VHPN,3061ZB,3,90
572,900.0,DW Housing,3022AC,2,25
573,750.0,DW Housing,3022AC,1,20
574,850.0,DW Housing,3022AC,2,30
575,900.0,DW Housing,3026AG,2,30
576,4950.0,IRIS Housing Rotterdam,3054CM,5,280
577,915.0,DW Housing,3021JA,1,30
578,1253.0,Niya Vastgoed Beheer BV,3067LN,4,90
579,1550.0,Riva Rentals,3024EA,2,74
580,1350.0,Riva Rentals,3011RK,3,65
581,1900.0,Ooms Makelaars Woningen,3012CC,3,82
582,1350.0,4-Freedom | Vastgoedbeheer,3073GW,5,100
583,1253.0,Niya Vastgoed Beheer BV,3067LN,4,90
584,2475.0,PM Housing,3011HC,3,105
585,2100.0,PM Housing,3011HC,3,75
586,2200.0,PM Housing,3011HC,3,75
587,1500.0,Riva Rentals,3021NR,3,80
588,3200.0,The Rental Shop,3055SM,6,170
589,1095.0,At Home Vastgoed Beheer BV,3051LE,3,70
590,495.0,Interhouse verhuurmakelaars Rotterdam,3083EJ,1,20
591,1500.0,Ooms Makelaars Woningen,3012CC,3,80
592,1295.0,Rotterdam Apartments,3077ML,3,68
593,1295.0,Stad en Land Makelaars,3038EA,2,65
594,1750.0,Dop & Dop Consultancy,3065BB,5,120
595,,Fransen Vastgoed,3032GA,5,123
596,1450.0,Riva Rentals,3076LT,4,95
597,1595.0,Riva Rentals,3061VJ,3,125
598,795.0,Rotterdam Apartments,3081RN,1,20
599,1795.0,Rotterdam Apartments,3012GH,4,74
600,700.0,Rotterdam Apartments,3061AS,1,25
601,1495.0,Kolpa Makelaars B.V.,3032BM,4,90
602,1250.0,Vastestate,3067JE,4,84
603,1595.0,VERRA Real Estate Rotterdam,3011XZ,3,78
604,900.0,Danka Consultancy,3036HB,2,35
605,1100.0,Riva Rentals,3083BW,2,69
606,750.0,Rotterdam Rent,3022DM,1,30
607,2000.0,Rotterdam Apartments,3071AD,4,140
608,2600.0,BenHousing,3039NR,5,111
609,1200.0,BenHousing,3073BZ,3,66
610,2400.0,BenHousing,3039CP,5,91
611,2200.0,Loftly,3011ZB,4,110
612,1195.0,Portsville,3022ZE,2,70
613,1250.0,Vastestate,3083NK,4,53
614,1550.0,VHPN,3014EK,3,85
615,1400.0,HB&F Rental Services,3011BT,3,110
616,1300.0,Riva Rentals,3082JR,4,105
617,1749.0,Woonstad Rotterdam,3062KJ,3,104
618,3600.0,Stad en Land Makelaars,3055WT,4,165
619,935.0,Tweelwonen.nl Rotterdam,3021JA,2,40
620,475.0,Rotterdam Apartments,3074KE,1,20
621,1250.0,Portsville,3014GK,3,71
622,1475.0,VERRA Real Estate Rotterdam,3031RH,3,58
623,1675.0,VERRA Real Estate Rotterdam,3032EM,3,120
624,1200.0,Verhuurmakelaar Hsiang,3083GN,3,67
625,1400.0,TW3 Strategie Marketing Makelaardij B.V.,3085HV,3,135
626,1350.0,StartHousing,3064AV,4,100
627,1495.0,van der Valk Vastgoed,3011GM,2,80
628,875.0,Rotsvast Rotterdam,3063AP,1,18
629,2750.0,Riva Rentals,3062GN,4,125
630,2250.0,Jeco Rental Services,3011XW,3,104
631,425.0,Rental Rotterdam,3028AK,1,20
632,425.0,Rental Rotterdam,3028AK,1,20
633,1250.0,Rotterdam Apartments,3071PE,2,72
634,475.0,BenHousing,3033EL,1,10
635,1800.0,Just Stay,3011VH,2,70
636,1200.0,Ideaal Housing & Makelaars,3063EL,3,70
637,1060.0,Niya Vastgoed Beheer BV,3068JG,3,87
638,2350.0,BenHousing,3013AL,3,118
639,1241.0,Niya Vastgoed Beheer BV,3068JG,5,114
640,1995.0,At Home Vastgoed Beheer BV,3033BB,4,100
641,2150.0,Riva Rentals,3011BT,4,117
642,2750.0,EHR Rotterdam ,3062JM,5,190
643,975.0,BenHousing,3023RG,3,52
644,1990.0,NTH Apartments,3012CC,2,70
645,650.0,Rotterdam Apartments,3023PV,1,15
646,1800.0,Stad en Land Makelaars,3011WD,2,62
647,2250.0,Portsville,3061ZR,2,95
648,799.0,QUARTERS Properties,3016CC,1,19
649,870.0,Dop & Dop Consultancy,3022AC,2,50
650,1425.0,Dop & Dop Consultancy,3016BE,3,76
651,1350.0,Lutz Real Estate,3081GN,3,65
652,1795.0,Riva Rentals,3083RD,5,98
653,1650.0,All In Rentals,3015BB,3,75
654,1149.0,Housing Solutions,3083GD,3,70
655,1375.0,VERRA Real Estate Rotterdam,3032BP,2,68
656,1995.0,Linda Housing,3063DC,3,110
657,295.0,Max Property Rentals,3073HH,1,20
658,1200.0,Riva Rentals,3083VN,4,55
659,1750.0,Riva Rentals,3011PL,3,100
660,1595.0,Interhouse verhuurmakelaars Rotterdam,3011XZ,3,78
661,1695.0,VERRA Real Estate Rotterdam,3011HV,3,95
662,1075.0,HouseHunting Rotterdam,3073ZT,2,65
663,780.0,Rotsvast Rotterdam,3063AP,2,18
664,1250.0,Riva Rentals,3015BH,2,70
665,1400.0,Riva Rentals,3025AK,4,66
666,1300.0,Riva Rentals,3082KL,3,104
667,1450.0,Riva Rentals,3011TG,2,70
668,1650.0,Riva Rentals,3011TG,3,118
669,1395.0,Riva Rentals,3082JA,5,90
670,1490.0,Interhouse verhuurmakelaars Rotterdam,3011TX,2,83
671,1950.0,Baljon Makelaars,3016BC,2,55
672,2350.0,Baljon Makelaars,3016BC,2,67
673,5500.0,Baljon Makelaars,3016AB,3,242
674,2150.0,VERRA Real Estate Rotterdam,3072MM,3,96
675,2650.0,IRIS Housing Rotterdam,3011BT,4,133
676,1495.0,Ally Property,3014HA,3,79
677,975.0,Riva Rentals,3026GL,2,57
678,1250.0,Interhouse verhuurmakelaars Rotterdam,3068JG,4,100
679,1130.0,Interhouse verhuurmakelaars Rotterdam,3067LS,3,90
680,1295.0,Rotterdam Apartments,3015BH,2,40
681,1200.0,Rotterdam Apartments,3061AB,2,55
682,1495.0,Riva Rentals,3011XW,3,75
683,1250.0,Interhouse verhuurmakelaars Rotterdam,3011AR,2,63
684,1199.0,Woonstad Rotterdam,3071KL,3,128
685,2250.0,Dop & Dop Consultancy,3068LE,5,210
686,2300.0,Dop & Dop Consultancy,3011XL,3,70
687,1000.0,BenHousing,3028HL,3,60
688,575.0,Max Suites,3073HG,1,31
689,575.0,Max Suites,3073HG,1,29
690,500.0,Max Suites,3073HG,1,31
691,1450.0,Max Property Rentals,3073HG,4,86
692,1950.0,Riva Rentals,3011BT,4,117
693,1500.0,VHPN,3015BM,3,90
694,1950.0,Kolpa Makelaars B.V.,3062GB,4,145
695,1850.0,Riva Rentals,3011JE,3,80
696,1250.0,Ideaal Housing & Makelaars,3043KP,3,70
697,1400.0,Hospitality Apartments,3011VZ,3,87
698,1650.0,Huisportaal.nl,3014DA,2,40
699,1250.0,Riva Rentals,3051RB,2,50
700,800.0,Rotterdam Rent,3038JE,2,28
701,800.0,Rotterdam Rent,3038JE,2,28
702,1195.0,Rotterdam Apartments,3039DS,3,45
703,1250.0,VERRA Real Estate Rotterdam,3079EG,3,90
704,995.0,Portsville,3028GE,2,55
705,1325.0,De Bloois Vastgoed,3081CP,4,81
706,1500.0,Baljon Makelaars,3063EG,3,85
707,1300.0,Rotterdam Apartments,3016BE,1,52
708,1095.0,Dop & Dop Consultancy,3083SJ,3,90
709,1350.0,Rotterdam Apartments,3063AP,2,81
710,2500.0,Dop & Dop Consultancy,3012CC,3,101
711,1600.0,Stad en Land Makelaars,3011HE,3,90
712,1995.0,Rotterdam Apartments,3062JE,4,140
713,4450.0,VERRA Real Estate Rotterdam,3055KH,6,400
714,2250.0,VERRA Real Estate Rotterdam,3011AB,3,107
715,1250.0,Riva Rentals,3051PC,2,60
716,1125.0,Ooms Makelaars Woningen,3067AM,3,84
717,1800.0,Rotterdam Rent,3033CG,4,60
718,1150.0,Rotterdam Rent,3033CG,2,35
719,1495.0,Riva Rentals,3031ED,3,70
720,1495.0,Interhouse verhuurmakelaars Rotterdam,3071PG,3,80
721,3000.0,Baljon Makelaars,3011WD,4,115
722,490.0,Rotterdam Apartments,3031AX,1,11
723,1249.0,Kolpa Makelaars B.V.,3038BN,2,62
724,1395.0,Dop & Dop Consultancy,3039DT,3,80
725,1650.0,Rental Rotterdam,3026AG,4,120
726,1495.0,Linda Housing,3011EW,3,95
727,1825.0,Rotterdam Apartments,3021CR,3,120
728,2695.0,Casa Rental Services,3063AM,5,155
729,1475.0,Rotterdam Apartments,3024TW,3,85
730,1550.0,Kamen Home Rentals BV,3011XM,3,85
731,795.0,ViaDaan,3083XX,3,46
732,2370.0,Rotsvast Rotterdam,3072MK,3,87
733,1650.0,Ooms Makelaars Woningen,3013CD,3,85
734,800.0,iResidence,3067TZ,2,50
735,995.0,Voorberg Makelaars,3082NE,3,69
736,2200.0,Rotterdam Apartments,3027BE,5,178
737,1400.0,Ideaal Housing & Makelaars,3038NE,2,65
738,1250.0,Tweelwonen.nl Rotterdam,3021JA,2,75
739,1250.0,Rotsvast Rotterdam,3024EZ,2,70
740,1250.0,Riva Rentals,3077MG,3,76
741,1450.0,Rotterdam Apartments,3014DA,1,65
742,750.0,Rotterdam Apartments,3061AR,1,15
743,1850.0,Dop & Dop Consultancy,3077MK,4,125
744,1150.0,Ad Hoc Rotterdam,3022CB,2,80
745,1250.0,De Haas Makelaardij,3062HD,3,85
746,500.0,Van Der Huizen,3032AL,2,20
747,630.0,ViaDaan,3082GC,2,20
748,1000.0,VHPN,3022ME,3,90
749,1295.0,VHPN,3015BE,3,80
750,1050.0,Hospitality Apartments,3015BG,2,45
751,1050.0,BenHousing,3037EG,3,50
752,995.0,Vliegenthart Makelaardij,3021AE,2,65
753,1080.0,Rental Rotterdam,3025AG,2,50
754,1300.0,Riva Rentals,3082TD,4,85
755,1325.0,De Bloois Vastgoed,3081JE,5,109
756,1950.0,Riva Rentals,3015BH,4,110
757,1395.0,Rotterdam Apartments,3032EM,3,62
758,775.0,Dop & Dop Consultancy,3033XJ,2,25
759,1150.0,Vastestate,3081CC,4,95
760,1500.0,Ideaal Housing & Makelaars,3011XW,3,90
761,420.0,Max Property Rentals,3073BG,1,18
762,1190.0,Riva Rentals,3038TV,2,48
763,1295.0,Riva Rentals,3077MK,3,95
764,1395.0,Interhouse verhuurmakelaars Rotterdam,3063DE,3,80
765,800.0,Rotterdam Rent,3022HL,2,25
766,1295.0,Rotterdam Apartments,3039ZK,4,115
767,975.0,123Wonen Rotterdam,3021BD,1,35
768,625.0,BenHousing,3037AD,3,40
769,1600.0,Dop & Dop Consultancy,3011HB,3,97
770,1995.0,Rotterdam Apartments,3061DG,4,125
771,695.0,Dop & Dop Consultancy,3055RE,2,40
772,1395.0,NederWoon verhuurmakelaars Nijmegen,3016BE,2,68
773,850.0,EHR Rotterdam ,3062VK,1,25
774,450.0,Max Property Rentals,3073BB,1,18
775,1995.0,Riva Rentals,3064AH,5,110
776,1050.0,Riva Rentals,3081GS,4,95
777,1464.0,Rotterdam Apartments,3034CH,2,83
778,1914.0,Rotterdam Apartments,3034CH,2,124
779,1573.0,Rotterdam Apartments,3034CH,2,83
780,1447.0,Rotterdam Apartments,3034CH,2,60
781,1481.0,Rotterdam Apartments,3034CH,2,81
782,1641.0,Rotterdam Apartments,3034CH,2,86
783,1470.0,Rotterdam Apartments,3034CH,2,84
784,1278.0,Rotterdam Apartments,3034CH,2,76
785,1478.0,Rotterdam Apartments,3034CH,2,77
786,1400.0,Rotterdam Apartments,3034CH,2,73
787,1418.0,Rotterdam Apartments,3034CH,2,71
788,1507.0,Rotterdam Apartments,3034CH,2,86
789,1493.0,Rotterdam Apartments,3034CH,2,85
790,1548.0,Rotterdam Apartments,3034CH,3,90
791,1495.0,VHPN,3082RL,3,140
792,1175.0,De Bloois Vastgoed,3014CA,3,57
793,950.0,Dop & Dop Consultancy,3026AG,2,35
794,1361.0,Rotterdam Apartments,3034CH,2,57
795,1650.0,Rotterdam Apartments,3021HH,3,154
796,2175.0,Immovita,3016CB,3,83
797,2175.0,VERRA Real Estate Rotterdam,3016CB,3,82
798,1650.0,Interhouse verhuurmakelaars Rotterdam,3071HM,4,128
799,1344.0,Holland2Stay,3029AD,2,64
800,1850.0,Holland2Stay,3029AD,3,105
801,1120.0,Holland2Stay,3029AD,2,60
802,1155.0,Holland2Stay,3029AD,2,65
803,1450.0,Rotsvast Rotterdam,3016DH,3,95
804,1195.0,Rotterdam Apartments,3062TS,2,45
805,1650.0,Ideaal Housing & Makelaars,3021RH,3,85
806,545.0,Max Property Rentals,3081JB,2,25
807,450.0,Max Property Rentals,3081JB,1,21
808,1501.0,Rotterdam Apartments,3034CH,2,78
809,1229.0,Rotterdam Apartments,3034CH,2,47
810,1575.0,Rotterdam Apartments,3034CH,2,85
811,1564.0,Rotterdam Apartments,3034CH,2,77
812,1301.0,Rotterdam Apartments,3034CH,2,47
813,1582.0,Rotterdam Apartments,3034CH,2,83
814,1824.0,Rotterdam Apartments,3034CH,2,98
815,1195.0,HouseHunting Rotterdam,3073ZT,3,82
816,1275.0,HouseHunting Rotterdam,3073ZT,3,94
817,1175.0,HouseHunting Rotterdam,3073ZT,2,84
818,1250.0,HouseHunting Rotterdam,3073ZT,3,79
819,1000.0,HouseHunting Rotterdam,3073ZT,2,62
820,1175.0,HouseHunting Rotterdam,3073ZT,2,78
821,2250.0,Rental Rotterdam,3011XL,3,75
822,1750.0,"Bakker en Steffen, NVM Makelaars & Taxateurs BV ",3021WD,3,67
823,1010.0,Rotterdam Apartments,3061AB,1,34
824,900.0,HouseHunting Rotterdam,3033AG,2,40
825,1295.0,Velthaak en Keijzer Makelaars,3063AA,2,65
826,1845.0,Rotterdam Apartments,3012BE,4,80
827,1195.0,Riva Rentals,3073DZ,3,75
828,1395.0,Portsville,3011ZZ,2,60
829,1781.0,Rotterdam Apartments,3034CH,2,111
830,1450.0,Rotterdam Apartments,3011DD,3,85
831,1487.0,Rotterdam Apartments,3034CH,2,85
832,1586.0,Rotterdam Apartments,3034CH,2,73
833,1711.0,Rotterdam Apartments,3034CH,2,96
834,1591.0,Rotterdam Apartments,3034CH,3,89
835,1850.0,Portsville,3043LA,5,85
836,1395.0,Riva Rentals,3031PV,2,81
837,1800.0,Kamen Home Rentals BV,3011HV,3,80
838,1195.0,Rotsvast Rotterdam,3063AR,2,82
839,1250.0,Riva Rentals,3011EP,2,81
840,775.0,Rotterdam Apartments,3039DJ,1,15
841,1350.0,Rotterdam Apartments,3014GD,2,85
842,2495.0,Rotterdam Apartments,3023CE,5,185
843,1295.0,Kolpa Makelaars B.V.,3067GK,3,92
844,1070.0,VERRA Real Estate Rotterdam,3062DG,2,68
845,1850.0,Riva Rentals,3011GC,4,76
846,1495.0,Riva Rentals,3011GM,3,85
847,575.0,Rotterdam Apartments,3021XX,1,14
848,1105.0,Riva Rentals,3083BW,2,57
849,1650.0,Riva Rentals,3021HH,3,85
850,1250.0,Riva Rentals,3012BL,2,74
851,1495.0,Rotterdam Apartments,3021ED,2,100
852,425.0,Rotterdam Apartments,3067KH,1,10
853,1595.0,Reedijk Real Estate,3028ER,4,102
854,850.0,Dop & Dop Consultancy,3026AG,2,35
855,1250.0,ViaDaan,3032EM,3,65
856,1395.0,VERRA Real Estate Rotterdam,3016BE,2,51
857,1050.0,Rotterdam Apartments,3011HH,2,60
858,1695.0,Ideaal Housing & Makelaars,3077GK,5,120
859,1595.0,Ideaal Housing & Makelaars,3076DA,5,115
860,1500.0,In de Stad,3011XM,2,50
861,1395.0,Riva Rentals,3072LM,2,40
862,1595.0,Rotterdam Apartments,3076DB,5,115
863,1695.0,Rotterdam Apartments,3077GB,5,120
864,1595.0,Riva Rentals,3061JT,3,100
865,1350.0,Hospitality Apartments,3021GK,2,60
866,2190.0,NTH Apartments,3039AG,3,89
867,1450.0,Loftly,3012GX,2,45
868,2250.0,Riva Rentals,3062LD,4,148
869,1400.0,Hospitality Apartments,3024EN,2,50
870,1595.0,Rotterdam Apartments,3071AA,3,100
871,1595.0,Rotterdam Apartments,3011EP,3,84
872,475.0,BenHousing,3033EL,1,10
873,595.0,BenHousing,3033EL,1,22
874,1195.0,Dop & Dop Consultancy,3021JB,2,60
875,1495.0,Kolpa Makelaars B.V.,3013CE,3,94
876,2000.0,CITYBIRD,3011HE,3,92
877,1300.0,De Bloois Vastgoed,3038BS,2,84
878,1245.0,Perfectrent,3034ST,2,72
879,1900.0,Loftly,3011GX,2,110
880,1550.0,Loftly,3024CS,3,105
881,1350.0,Riva Rentals,3013AL,3,90
882,1550.0,VHPN,3033HD,4,94
883,1400.0,Maasstad Woningverhuur,3071JW,3,72
884,1550.0,TVN Real Estate,3011XW,3,75
885,1750.0,Interhouse verhuurmakelaars Rotterdam,3063DA,3,120
886,1495.0,Kolpa Makelaars B.V.,3062HB,3,80
887,1250.0,Rotterdam Rent,3032AS,3,76
888,2200.0,Different Vastgoed,3011XL,3,66
889,1500.0,Rotterdam Apartments,3011TG,3,65
890,1450.0,Rotterdam Apartments,3011TG,3,50
891,1350.0,Riva Rentals,3031EG,3,80
892,1350.0,QUARTERS Properties,3083DK,2,90
893,1500.0,Rowork Real Estate,3071AS,3,88
894,1100.0,De Bloois Vastgoed,3051JR,3,68
895,1600.0,Voorberg Makelaars,3024VD,5,104
896,1285.0,StartHousing,3063BL,3,80
897,1495.0,Interhouse verhuurmakelaars Rotterdam,3063BX,3,92
898,1500.0,Riva Rentals,3011VX,3,87
899,800.0,Rotterdam Rent,3022HL,2,25
900,1150.0,Dop & Dop Consultancy,3021JA,2,60
901,1575.0,Jeco Rental Services,3012GD,3,80
902,425.0,BenHousing,3021ND,1,10
903,3450.0,Juistwonen,3045LJ,4,295
904,1575.0,Rotterdam Apartments,3012LG,1,50
905,1475.0,Kolpa Makelaars B.V.,3032EM,2,78
906,1745.0,VERRA Real Estate Rotterdam,3032VE,3,96
907,980.0,Eenhoorn Management B.V.,3062HN,2,53
908,1250.0,Executive Home Rentals  Amsterdam,3038NA,2,61
909,1550.0,Riva Rentals,3012GH,3,81
910,2550.0,Ideaal Housing & Makelaars,3044EH,5,170
911,1495.0,Rotterdam Apartments,3016BB,2,60
912,1450.0,Hospitality Apartments,3011VX,3,85
913,1250.0,VERRA Real Estate Rotterdam,3011TA,2,70
914,1500.0,Rotterdam Rent,3011XW,3,88
915,1215.0,Rotterdam Apartments,3023HB,3,90
916,1795.0,Kolpa Makelaars B.V.,3016DA,3,123
917,1295.0,Fransen Vastgoed,3063TN,2,90
918,1020.0,Rotsvast Rotterdam,3063HA,2,64
919,1850.0,Rotterdam Apartments,3012CC,3,62
920,1700.0,Dop & Dop Consultancy,3067GK,4,103
921,1250.0,Riva Rentals,3036AB,3,63
922,1050.0,Rotterdam Apartments,3025AG,2,62
923,1190.0,HouseHunting Rotterdam,3033AG,3,77
924,990.0,HouseHunting Rotterdam,3033AG,2,58
925,1695.0,Rotterdam Apartments,3061DJ,3,82
926,500.0,Maasstad Woningverhuur,3082PV,1,12
927,325.0,Perfectrent,3014AH,1,12
928,1750.0,Interhouse verhuurmakelaars Rotterdam,3011DL,3,80
929,2750.0,Linda Housing,3053LK,5,160
930,1350.0,Kolpa Makelaars B.V.,3071MK,3,80
931,1375.0,VERRA Real Estate Rotterdam,3011BD,3,75
932,1350.0,Villex Vastgoedbescherming Barendrecht,3071ZG,3,100
933,1595.0,Rotterdam Apartments,3062PL,3,90
934,1995.0,Kolpa Makelaars B.V.,3071AA,4,115
935,1050.0,Riva Rentals,3083TH,3,57
936,1750.0,Kolpa Makelaars B.V.,3062LJ,3,82
937,1950.0,BenHousing,3051BE,5,160
938,1200.0,Rotterdam Apartments,3012BT,1,50
939,1650.0,Rotterdam Apartments,3071XS,3,100
940,1095.0,van der Valk Vastgoed,3039RR,2,49
941,1750.0,van der Valk Vastgoed,3054BC,3,150
942,650.0,van der Valk Vastgoed,3055RC,1,45
943,900.0,Rotterdam Rent,3038VL,2,16
944,2100.0,Rotterdam Apartments,3011XM,3,92
945,800.0,Dop & Dop Consultancy,3022AD,2,30
946,875.0,Dop & Dop Consultancy,3026AG,2,40
947,1995.0,Riva Rentals,3011XW,3,98
948,1750.0,Riva Rentals,3011GX,2,85
949,2200.0,Kolpa Makelaars B.V.,3016CE,2,100
950,1450.0,HB&F Rental Services,3011VX,3,85
951,850.0,123Wonen Rotterdam,3083RG,2,64
952,995.0,Riva Rentals,3081CK,2,50
953,1395.0,123Wonen Rotterdam,3011HA,3,85
954,1395.0,BenHousing,3011KN,3,70
955,1485.0,HS Makelaars,3011VW,3,91
956,1495.0,Riva Rentals,3063CB,3,100
957,850.0,Rotterdam Apartments,3033EK,1,25
958,1795.0,Rotterdam Apartments,3011XA,3,85
959,1500.0,Tweelwonen.nl Rotterdam,3015GC,3,110
960,850.0,Dop & Dop Consultancy,3026AG,2,30
961,1495.0,Rotterdam Apartments,3016BB,2,60
962,3500.0,Interhouse verhuurmakelaars Rotterdam,3063EG,5,200
963,2250.0,Rotterdam Rent,3012CC,3,85
964,2750.0,Rotterdam Apartments,3011TV,3,180
965,1400.0,Expat Housing,3024CZ,2,140
966,1450.0,Rotterdam Apartments,3016BB,2,45
967,1050.0,BenHousing,3037EG,2,50
968,875.0,Dop & Dop Consultancy,3026AH,2,50
969,875.0,Dop & Dop Consultancy,3026AH,2,50
970,875.0,Dop & Dop Consultancy,3026AH,2,50
971,1195.0,Dop & Dop Consultancy,3021JA,2,60
972,4900.0,BenHousing,3045LJ,5,294
973,1995.0,Portsville,3011BT,3,105
974,2950.0,NTH Apartments,3012CC,3,85
975,2150.0,Dop & Dop Consultancy,3065NK,5,170
976,1295.0,Rotterdam Apartments,3073GP,4,94
977,226.0,4-Freedom | Vastgoedbeheer,3021BV,1,6
978,1750.0,Riva Rentals,3011HE,3,105
979,1500.0,Rotterdam Apartments,3013CB,3,90
980,1600.0,Rotterdam Rent,3035EE,4,100
981,1750.0,Rotterdam Apartments,3011VH,3,88
982,1850.0,Riva Rentals,3011BT,3,118
983,2125.0,Riva Rentals,3033CE,4,160
984,2150.0,VHPN,3012GA,4,110
985,800.0,Rotterdam Rent,3038VL,2,35
986,1295.0,BenHousing,3031AX,3,66
987,675.0,BenHousing,3038TE,1,24
988,3600.0,Rotterdam Rent,3035EE,4,100
989,1295.0,Dop & Dop Consultancy,3055JG,3,80
990,1450.0,Dop & Dop Consultancy,3032EM,3,91
991,1549.0,Eenhoorn Management B.V.,3062HN,2,111
992,1300.0,VERRA Real Estate Rotterdam,3061TH,4,92
993,1295.0,Portsville,3011TG,1,50
994,2350.0,Rotterdam Apartments,3012BN,1,40
995,2300.0,Rotterdam Apartments,3011HE,3,116
996,1295.0,The Rental Shop,3028AJ,2,70
997,600.0,ViaDaan,3081JL,1,20
998,2300.0,Rotterdam Apartments,3012BN,1,40
999,1295.0,The Rental Shop,3063AT,2,62
1000,1475.0,Rotterdam Apartments,3016BB,2,49
1001,2050.0,Rotterdam Apartments,3011HV,3,93
1002,1150.0,Rotterdam Apartments,3012LG,1,50
1003,1600.0,Jeco Rental Services,3012CC,2,70
1004,1400.0,Rotterdam Apartments,3063AK,3,90
1005,2300.0,Linda Housing,3011XL,3,75
1006,1750.0,Riva Rentals,3039LL,3,100
1007,2400.0,Rotterdam Apartments,3012BN,1,45
1008,1100.0,BenHousing,3037EG,3,61
1009,950.0,BenHousing,3037EG,2,38
1010,950.0,BenHousing,3037EG,2,40
1011,750.0,Dop & Dop Consultancy,3022AD,2,27
1012,900.0,Dop & Dop Consultancy,3022AD,2,40
1013,1950.0,NTH Apartments,3062KD,3,80
1014,1590.0,NTH Apartments,3061VJ,2,52
1015,1000.0,BenHousing,3037EG,3,50
1016,4995.0,Voorberg Makelaars,3011HB,4,164
1017,2000.0,Dop & Dop Consultancy,3038AL,4,145
1018,2000.0,Dop & Dop Consultancy,3038AL,4,145
1019,2995.0,Rental Rotterdam,3014DA,2,51
1020,1245.0,Ideaal Housing & Makelaars,3023HB,3,90
1021,1800.0,Rent an Apartment,3011XM,2,65
1022,1850.0,Rent an Apartment,3011XM,2,65
1023,1440.0,VHPN,3012EG,3,135
1024,1539.0,Portsville,3051JR,4,77
1025,1250.0,Rotterdam Apartments,3016BB,1,35
1026,1125.0,Rotterdam Apartments,3016BB,1,35
1027,1050.0,VHPN,3012EG,2,90
1028,800.0,Dop & Dop Consultancy,3022AC,2,30
1029,850.0,Dop & Dop Consultancy,3022AC,2,50
1030,2400.0,Aaiman Rentals,3072ES,5,140
1031,2495.0,VHPN,3061HJ,3,116
1032,2450.0,Rent an Apartment,3011XM,2,64
1033,3400.0,Rent an Apartment,3011XM,3,100
1034,2250.0,Rotterdam Apartments,3015XL,2,70
1035,1525.0,Rotterdam Apartments,3016BB,2,48
1036,1425.0,Rotterdam Apartments,3016BB,2,41
1037,1495.0,Rotterdam Apartments,3016BB,2,47
1038,1250.0,Rotterdam Apartments,3016BB,1,35
1039,1250.0,Rotterdam Apartments,3012LG,1,50
1040,1250.0,Rotterdam Apartments,3012LG,1,50
1041,1200.0,Rotterdam Apartments,3012BT,1,50
1042,1650.0,Rotterdam Apartments,3014DA,1,65
1043,1200.0,Rotterdam Apartments,3012BT,1,50
1044,1650.0,TVN Real Estate,3012CC,2,60
1045,1111.0,Rotterdam Apartments,3061AB,1,25
1046,2187.0,Rotterdam Apartments,3011XM,3,74
1047,1500.0,Dop & Dop Consultancy,3038AL,3,120
1048,2275.0,Rotterdam Apartments,3012BN,1,40
1049,1200.0,Rotterdam Apartments,3012BT,1,45
1050,1150.0,Rotterdam Apartments,3012BT,1,50
1051,1795.0,Rotterdam Apartments,3021NM,3,116
1052,1250.0,Rotterdam Apartments,3012LG,1,50
1053,1300.0,Rotterdam Apartments,3012LG,1,50
1054,1550.0,Rotterdam Apartments,3012LG,1,50
1055,1300.0,Rotterdam Apartments,3012LG,1,50
1056,1550.0,Rotterdam Apartments,3012LG,1,50
1057,1100.0,Rotterdam Apartments,3012LG,1,50
1058,1300.0,Rotterdam Apartments,3012LG,1,50
1059,1300.0,Rotterdam Apartments,3012LG,1,50
1060,1495.0,Rotterdam Apartments,3012LG,1,50
1061,1425.0,Rotterdam Apartments,3012LG,1,50
1062,1111.0,Rotterdam Apartments,3061AB,1,20
1063,1400.0,Rotterdam Apartments,3012LG,1,50
1064,1250.0,Rotterdam Apartments,3012LG,1,50
1065,1400.0,Rotterdam Apartments,3012LG,1,50
1066,2250.0,Rotterdam Apartments,3012BN,1,40
1067,2300.0,Rotterdam Apartments,3012BN,1,40
1068,1450.0,Ideaal Housing & Makelaars,3014JG,1,30
1069,1650.0,Rotterdam Apartments,3014DA,1,65
1070,3900.0,Rent an Apartment,3011XM,3,134
1071,1650.0,Rotterdam Apartments,3014DA,1,65
1072,1650.0,Rotterdam Apartments,3014DA,1,65
1073,3315.0,Ideaal Housing & Makelaars,3014DA,2,65
1074,3325.0,Ideaal Housing & Makelaars,3014DA,2,65
1075,800.0,Rotterdam Rent,3022HL,2,25
1076,2400.0,Jeco Rental Services,3072MH,2,85
1077,2360.0,Rent an Apartment,3011XM,2,72
